Date,Close,gain
05-01-2010,1616.8,-0.005443976
06-01-2010,1638.5,0.013421573
07-01-2010,1648.7,0.006225206
08-01-2010,1639.8,-0.005398193
11-01-2010,1629.45,-0.006311745
12-01-2010,1583.85,-0.027984903
13-01-2010,1571.3,-0.00792373
14-01-2010,1573.55,0.001431935
15-01-2010,1570.4,-0.002001843
18-01-2010,1562.5,-0.005030565
19-01-2010,1559.95,-0.001632
20-01-2010,1563.45,0.002243662
21-01-2010,1539.55,-0.015286706
22-01-2010,1514.3,-0.016400896
25-01-2010,1532.05,0.011721588
27-01-2010,1523.4,-0.00564603
28-01-2010,1526,0.001706709
29-01-2010,1520.45,-0.003636959
01-02-2010,1540.75,0.01335131
02-02-2010,1540.15,-0.000389421
03-02-2010,1564.8,0.016004935
04-02-2010,1561.3,-0.002236708
05-02-2010,1559.95,-0.000864664
06-02-2010,1561.9,0.00125004
08-02-2010,1529.1,-0.021000064
09-02-2010,1530.4,0.000850173
10-02-2010,1561.05,0.020027444
11-02-2010,1578.85,0.011402582
15-02-2010,1578.95,6.33E-05
16-02-2010,1569.3,-0.006111656
17-02-2010,1584.45,0.009653986
18-02-2010,1580.35,-0.002587649
19-02-2010,1651.55,0.045053311
22-02-2010,1680.25,0.017377615
23-02-2010,1711.35,0.01850915
24-02-2010,1710.2,-0.000671984
25-02-2010,1722.8,0.007367559
26-02-2010,1709.9,-0.007487811
02-03-2010,1707.1,-0.001637523
03-03-2010,1710,0.001698787
04-03-2010,1739.55,0.017280702
05-03-2010,1741.8,0.001293438
08-03-2010,1772.55,0.017654151
09-03-2010,1750.95,-0.012185834
10-03-2010,1767.65,0.00953768
11-03-2010,1744.95,-0.012841909
12-03-2010,1729.4,-0.00891143
15-03-2010,1697.55,-0.018416792
16-03-2010,1696.75,-0.000471267
17-03-2010,1692.3,-0.002622661
18-03-2010,1702.05,0.00576139
19-03-2010,1725.2,0.013601246
22-03-2010,1742.15,0.009824948
23-03-2010,1745.9,0.002152513
25-03-2010,1748.35,0.001403288
26-03-2010,1748.85,0.000285984
29-03-2010,1757.85,0.005146239
30-03-2010,1772.3,0.008220269
31-03-2010,1778,0.00321616
01-04-2010,1768.85,-0.005146232
05-04-2010,1785.1,0.00918676
06-04-2010,1762.85,-0.012464288
07-04-2010,1760.95,-0.0010778
08-04-2010,1770.05,0.005167665
09-04-2010,1780.25,0.005762549
12-04-2010,1789.75,0.005336329
13-04-2010,1801.1,0.006341668
15-04-2010,1810.2,0.005052468
16-04-2010,1827.8,0.009722683
19-04-2010,1851.6,0.013021118
20-04-2010,1863.05,0.006183841
21-04-2010,1917.3,0.029118918
22-04-2010,1905.15,-0.006337036
23-04-2010,1898.6,-0.003438049
26-04-2010,1883.75,-0.007821553
27-04-2010,1885.45,0.000902455
28-04-2010,1897.1,0.006178896
29-04-2010,1882.8,-0.007537821
30-04-2010,1912.95,0.016013384
03-05-2010,1898.5,-0.007553778
04-05-2010,1888.65,-0.005188307
05-05-2010,1945.6,0.030153814
06-05-2010,1985.3,0.020405016
07-05-2010,1942.8,-0.021407344
10-05-2010,1996.1,0.02743463
11-05-2010,1997.8,0.000851661
12-05-2010,2057.75,0.030008009
13-05-2010,2132.4,0.036277488
14-05-2010,2140,0.003564059
17-05-2010,2160.45,0.009556075
18-05-2010,2174.4,0.006456988
19-05-2010,2064.3,-0.050634658
20-05-2010,2085.55,0.010294046
21-05-2010,2043.95,-0.019946777
24-05-2010,2025.9,-0.00883094
25-05-2010,2008.95,-0.008366652
26-05-2010,2008.35,-0.000298663
27-05-2010,1981.1,-0.013568352
28-05-2010,1995.9,0.007470597
31-05-2010,2107.95,0.056140087
01-06-2010,2087.9,-0.009511611
02-06-2010,2107.85,0.009555055
03-06-2010,2080.45,-0.012999027
04-06-2010,2035.2,-0.021750102
07-06-2010,2030.6,-0.00226022
08-06-2010,2028.55,-0.001009554
09-06-2010,2103.2,0.036799685
10-06-2010,2106.3,0.001473944
11-06-2010,2076.9,-0.013958126
14-06-2010,2076.2,-0.000337041
15-06-2010,2077.5,0.000626144
16-06-2010,2084.7,0.003465704
17-06-2010,2096.7,0.005756224
18-06-2010,2084.95,-0.005604044
21-06-2010,2123.25,0.018369745
22-06-2010,2097.6,-0.012080537
23-06-2010,2119.55,0.01046434
24-06-2010,2141.9,0.010544691
25-06-2010,2174.55,0.015243475
28-06-2010,2193.2,0.008576487
29-06-2010,2218.25,0.011421667
30-06-2010,2183.95,-0.015462639
01-07-2010,2188.6,0.00212917
02-07-2010,2160.2,-0.012976332
05-07-2010,2169.4,0.004258865
06-07-2010,2135.2,-0.015764728
07-07-2010,2133.4,-0.000843012
08-07-2010,2137.2,0.001781194
09-07-2010,2110.05,-0.012703537
12-07-2010,2085.6,-0.011587403
13-07-2010,2047.3,-0.01836402
14-07-2010,2088.4,0.020075221
15-07-2010,2074.15,-0.006823405
16-07-2010,2068.9,-0.002531157
19-07-2010,2047.9,-0.010150321
20-07-2010,2026.9,-0.010254407
21-07-2010,2030.95,0.001998125
22-07-2010,2029.9,-0.000516999
23-07-2010,2076.75,0.023079955
26-07-2010,2065.05,-0.005633803
27-07-2010,2060,-0.002445461
28-07-2010,2064.55,0.002208738
29-07-2010,2023.3,-0.019980141
30-07-2010,2010.8,-0.006178026
02-08-2010,2014.85,0.002014124
03-08-2010,2003,-0.005881331
04-08-2010,1998.15,-0.002421368
05-08-2010,2012.15,0.007006481
06-08-2010,2018.05,0.002932187
09-08-2010,1995.35,-0.011248482
10-08-2010,1990.35,-0.002505826
11-08-2010,1958.25,-0.016127817
12-08-2010,1950.4,-0.004008681
13-08-2010,1961.8,0.005844955
16-08-2010,1945.05,-0.008538077
17-08-2010,1961.55,0.008483072
18-08-2010,1943.7,-0.009099946
19-08-2010,1976,0.016617791
20-08-2010,2017.05,0.020774291
23-08-2010,1971.8,-0.022433752
24-08-2010,1945.65,-0.013261994
25-08-2010,1889.8,-0.02870506
26-08-2010,1873.45,-0.008651709
27-08-2010,1872.85,-0.000320265
30-08-2010,1894,0.011292949
31-08-2010,1860.7,-0.017581837
01-09-2010,1880.25,0.010506799
02-09-2010,1906.7,0.014067278
03-09-2010,1916.4,0.005087324
06-09-2010,1916.85,0.000234815
07-09-2010,1916.8,-2.61E-05
08-09-2010,1918.35,0.000808639
09-09-2010,1916.8,-0.000807986
13-09-2010,1953.85,0.01932909
14-09-2010,1938.5,-0.007856284
15-09-2010,1928.35,-0.005236007
16-09-2010,1916.8,-0.005989577
17-09-2010,1956.3,0.020607262
20-09-2010,2026.9,0.036088534
21-09-2010,2070.25,0.02138734
22-09-2010,2087.3,0.00823572
23-09-2010,2084.8,-0.00119772
24-09-2010,2112.75,0.013406562
27-09-2010,2157.1,0.020991599
28-09-2010,2158.65,0.000718557
29-09-2010,2240.95,0.03812568
30-09-2010,2209.95,-0.013833419
01-10-2010,2251.05,0.018597706
04-10-2010,2301.8,0.022545035
05-10-2010,2285.15,-0.007233469
06-10-2010,2290.5,0.002341203
07-10-2010,2275.05,-0.006745252
08-10-2010,2293.4,0.008065757
11-10-2010,2286.15,-0.003161245
12-10-2010,2288.85,0.001181025
13-10-2010,2295.05,0.002708784
14-10-2010,2305.1,0.00437899
15-10-2010,2300.75,-0.00188712
18-10-2010,2351.2,0.021927632
19-10-2010,2353,0.000765567
20-10-2010,2361.1,0.003442414
21-10-2010,2352.7,-0.003557664
22-10-2010,2348,-0.001997705
25-10-2010,2352.35,0.001852641
26-10-2010,2308.8,-0.018513401
27-10-2010,2261.9,-0.020313583
28-10-2010,2258.9,-0.001326319
29-10-2010,2222.45,-0.016136172
01-11-2010,2199.05,-0.010528921
02-11-2010,2240.85,0.019008208
03-11-2010,2220.1,-0.009259879
04-11-2010,2224.6,0.002026936
05-11-2010,2276.1,0.023150229
08-11-2010,2293.5,0.007644655
09-11-2010,2302.1,0.003749727
10-11-2010,2255.75,-0.020133791
11-11-2010,2254.5,-0.000554139
12-11-2010,2228.3,-0.011621202
15-11-2010,2233.05,0.00213167
16-11-2010,2270.35,0.016703612
18-11-2010,2277.2,0.003017156
19-11-2010,2227.7,-0.021737221
22-11-2010,2261.85,0.015329712
23-11-2010,2240.4,-0.009483387
24-11-2010,2208.5,-0.014238529
25-11-2010,2098.05,-0.05001132
26-11-2010,2107.25,0.004385024
29-11-2010,2118.15,0.005172618
30-11-2010,2130.6,0.005877771
01-12-2010,2170.25,0.018609781
02-12-2010,2163.8,-0.002972008
03-12-2010,2131.25,-0.01504298
06-12-2010,2131.35,4.69E-05
07-12-2010,2150.9,0.00917259
08-12-2010,2146.25,-0.002161886
09-12-2010,2130.55,-0.007315084
10-12-2010,2135.85,0.002487621
13-12-2010,2156.2,0.009527823
14-12-2010,2196.4,0.018643911
15-12-2010,2193,-0.001547988
16-12-2010,2195.05,0.000934793
20-12-2010,2201.85,0.003097879
21-12-2010,2200.25,-0.000726662
22-12-2010,2201.4,0.000522668
23-12-2010,2205.3,0.0017716
24-12-2010,2212.1,0.003083481
27-12-2010,2226.9,0.006690475
28-12-2010,2238.75,0.005321299
29-12-2010,2281.3,0.019006142
30-12-2010,2324.9,0.01911191
31-12-2010,2337.5,0.005419588
03-01-2011,2342.6,0.002181818
04-01-2011,2347.8,0.002219756
05-01-2011,2381.75,0.014460346
06-01-2011,2400.2,0.007746405
07-01-2011,2376.75,-0.009770019
10-01-2011,2390.1,0.005616914
11-01-2011,2383.6,-0.002719551
12-01-2011,2391.7,0.003398221
13-01-2011,2343.35,-0.020215746
14-01-2011,2331.35,-0.005120874
17-01-2011,2314.95,-0.007034551
18-01-2011,2313.7,-0.000539968
19-01-2011,2301.95,-0.005078446
20-01-2011,2257.1,-0.019483481
21-01-2011,2280.6,0.01041159
24-01-2011,2241.4,-0.017188459
25-01-2011,2269.6,0.012581422
27-01-2011,2234.75,-0.015355129
28-01-2011,2278.55,0.019599508
31-01-2011,2284.65,0.002677141
01-02-2011,2265,-0.00860088
02-02-2011,2257.35,-0.003377483
03-02-2011,2242.2,-0.006711409
04-02-2011,2230.35,-0.005284988
07-02-2011,2233.5,0.001412334
08-02-2011,2241.75,0.003693754
09-02-2011,2197.8,-0.019605219
10-02-2011,2210.55,0.005801256
11-02-2011,2213.9,0.00151546
14-02-2011,2201.1,-0.005781652
15-02-2011,2222.3,0.009631548
16-02-2011,2218.5,-0.00170994
17-02-2011,2230.95,0.0056119
18-02-2011,2221.7,-0.004146216
21-02-2011,2233.35,0.005243732
22-02-2011,2235.9,0.001141783
23-02-2011,2221.65,-0.006373273
24-02-2011,2218.9,-0.001237819
25-02-2011,2221.35,0.001104151
28-02-2011,2208.55,-0.005762262
01-03-2011,2198.05,-0.004754251
03-03-2011,2178,-0.009121722
04-03-2011,2166.55,-0.005257117
07-03-2011,2149.6,-0.007823498
08-03-2011,2162.1,0.005815035
09-03-2011,2182.75,0.0095509
10-03-2011,2187.75,0.002290688
11-03-2011,2171.95,-0.007222032
14-03-2011,2122.4,-0.022813601
15-03-2011,2085.4,-0.017433095
16-03-2011,2045.25,-0.019252901
17-03-2011,2099.3,0.026427087
18-03-2011,2039.8,-0.028342781
21-03-2011,2043.5,0.001813903
22-03-2011,2039.75,-0.001835087
23-03-2011,2024.75,-0.007353842
24-03-2011,2096.2,0.035288307
25-03-2011,2097.45,0.000596317
28-03-2011,2097.35,-4.77E-05
29-03-2011,2080.45,-0.008057787
30-03-2011,2095.45,0.007209979
31-03-2011,2062.95,-0.015509795
01-04-2011,2090.9,0.013548559
04-04-2011,2121.55,0.014658759
05-04-2011,2112.55,-0.004242181
06-04-2011,2129.9,0.008212823
07-04-2011,2148.85,0.008897131
08-04-2011,2177.9,0.013518859
11-04-2011,2147.75,-0.013843611
13-04-2011,2134.55,-0.006145967
15-04-2011,2104.9,-0.013890516
18-04-2011,2120.4,0.00736377
19-04-2011,2119,-0.000660253
20-04-2011,2114.15,-0.002288815
21-04-2011,2111.55,-0.001229809
25-04-2011,2109,-0.001207644
26-04-2011,2115,0.00284495
27-04-2011,2193.9,0.037304965
28-04-2011,2227.9,0.015497516
29-04-2011,2257.65,0.013353382
02-05-2011,2273,0.006799105
03-05-2011,2292.5,0.008578971
04-05-2011,2336,0.018974918
05-05-2011,2255.65,-0.034396404
06-05-2011,2294.35,0.017156917
09-05-2011,2293.4,-0.000414061
10-05-2011,2303.9,0.004578355
11-05-2011,2334.2,0.013151612
12-05-2011,2340.45,0.002677577
13-05-2011,2339.5,-0.000405905
16-05-2011,2372.2,0.013977346
17-05-2011,2359.9,-0.00518506
18-05-2011,2335.4,-0.010381796
19-05-2011,2320.15,-0.006529931
20-05-2011,2333.6,0.005797039
23-05-2011,2333.55,-2.14E-05
24-05-2011,2341.35,0.003342547
25-05-2011,2339.3,-0.000875563
26-05-2011,2328.65,-0.004552644
27-05-2011,2336.8,0.003499882
30-05-2011,2312.2,-0.010527217
31-05-2011,2321.5,0.004022143
01-06-2011,2360.65,0.016864096
02-06-2011,2366.7,0.002562853
03-06-2011,2394.55,0.01176744
06-06-2011,2369,-0.010670063
07-06-2011,2359.3,-0.004094555
08-06-2011,2360.05,0.000317891
09-06-2011,2364.7,0.001970297
10-06-2011,2402.3,0.015900537
13-06-2011,2433.2,0.012862673
14-06-2011,2434.45,0.000513727
15-06-2011,2445.2,0.004415782
16-06-2011,2459.9,0.006011778
17-06-2011,2350.85,-0.04433107
20-06-2011,2327.6,-0.00989004
21-06-2011,2320.75,-0.002942946
22-06-2011,2317.45,-0.001421954
23-06-2011,2316.85,-0.000258905
24-06-2011,2338.5,0.009344584
27-06-2011,2326.55,-0.005110113
28-06-2011,2331.95,0.002321033
29-06-2011,2357.4,0.010913613
30-06-2011,2350.15,-0.003075422
01-07-2011,2346.1,-0.001723294
04-07-2011,2356.1,0.004262393
05-07-2011,2335.55,-0.008722041
06-07-2011,2331.7,-0.001648434
07-07-2011,2353.15,0.009199297
08-07-2011,2318.15,-0.01487368
11-07-2011,2329.4,0.004853008
12-07-2011,2330.35,0.00040783
13-07-2011,2325.85,-0.00193104
14-07-2011,2326.3,0.000193478
15-07-2011,2345.15,0.008102996
18-07-2011,2301.25,-0.018719485
19-07-2011,2311.2,0.004323737
20-07-2011,2297.15,-0.006079093
21-07-2011,2320.45,0.010143003
22-07-2011,2316.05,-0.001896184
25-07-2011,2345.4,0.012672438
26-07-2011,2315.5,-0.012748358
27-07-2011,2302.6,-0.005571151
28-07-2011,2381.1,0.034091896
29-07-2011,2344.9,-0.015203057
01-08-2011,2307.35,-0.016013476
02-08-2011,2292.25,-0.006544304
03-08-2011,2275.6,-0.007263606
04-08-2011,2280.95,0.002351028
05-08-2011,2200.9,-0.035095026
08-08-2011,2136.55,-0.029238039
09-08-2011,2112.15,-0.01142028
10-08-2011,2118.45,0.002982743
11-08-2011,2158.45,0.01888173
12-08-2011,2139.65,-0.008709954
16-08-2011,2135.45,-0.001962938
17-08-2011,2147.9,0.005830153
18-08-2011,2151.95,0.001885563
19-08-2011,2146.45,-0.002555821
22-08-2011,2158.2,0.005474155
23-08-2011,2166.35,0.003776295
24-08-2011,2149.65,-0.007708819
25-08-2011,2104.7,-0.020910381
26-08-2011,2125.25,0.009763862
29-08-2011,2108.4,-0.007928479
30-08-2011,2119.6,0.005312085
02-09-2011,2130.6,0.005189658
05-09-2011,2129.9,-0.000328546
06-09-2011,2130.75,0.00039908
07-09-2011,2123.35,-0.003472956
08-09-2011,2117.15,-0.002919914
09-09-2011,2094.35,-0.010769194
12-09-2011,2076.95,-0.008308067
13-09-2011,2059.7,-0.008305448
14-09-2011,2043.85,-0.007695295
15-09-2011,2059.55,0.007681581
16-09-2011,2052.75,-0.003301692
19-09-2011,2067.6,0.007234198
20-09-2011,2058.5,-0.004401238
21-09-2011,2069.75,0.005465145
22-09-2011,2051.35,-0.008889963
23-09-2011,2004.65,-0.022765496
26-09-2011,2022.8,0.00905395
27-09-2011,2064.8,0.020763298
28-09-2011,2093.95,0.01411759
29-09-2011,2085.8,-0.003892166
30-09-2011,2091,0.002493048
03-10-2011,2098.95,0.003802009
04-10-2011,2100.4,0.000690822
05-10-2011,2091.7,-0.004142068
07-10-2011,2098.85,0.003418272
10-10-2011,2083.25,-0.007432642
11-10-2011,2059.55,-0.011376455
12-10-2011,2047.05,-0.006069287
13-10-2011,2058.25,0.005471288
14-10-2011,2061.95,0.001797644
17-10-2011,2075.05,0.006353209
18-10-2011,2071.25,-0.001831281
19-10-2011,2093.35,0.010669885
20-10-2011,2091.4,-0.000931521
21-10-2011,2106.05,0.007004877
24-10-2011,2087.2,-0.008950405
25-10-2011,2097.45,0.004910885
26-10-2011,2102.9,0.002598393
28-10-2011,2120.65,0.008440725
31-10-2011,2057.6,-0.02973145
01-11-2011,2103.5,0.022307543
02-11-2011,2102.55,-0.000451628
03-11-2011,2085.95,-0.007895175
04-11-2011,2113.5,0.013207411
08-11-2011,2045.25,-0.032292406
09-11-2011,2007.75,-0.018335167
11-11-2011,2027.65,0.009911593
14-11-2011,2029.7,0.001011023
15-11-2011,2003.55,-0.012883677
16-11-2011,1983.2,-0.010156971
17-11-2011,1993.45,0.005168415
18-11-2011,1998.75,0.002658707
21-11-2011,1968.65,-0.015059412
22-11-2011,1950.75,-0.009092525
23-11-2011,1902.5,-0.024734077
24-11-2011,1949.8,0.024862024
25-11-2011,1967.2,0.008923992
28-11-2011,1953.7,-0.006862546
29-11-2011,1943.55,-0.005195271
30-11-2011,1917.1,-0.013609117
01-12-2011,1900.15,-0.008841479
02-12-2011,1925.7,0.013446307
05-12-2011,1913.15,-0.006517111
07-12-2011,1909.85,-0.001724904
08-12-2011,1899.3,-0.005523994
09-12-2011,1863.15,-0.019033328
12-12-2011,1864.15,0.000536725
13-12-2011,1869.6,0.002923584
14-12-2011,1860,-0.005134788
15-12-2011,1875,0.008064516
16-12-2011,1840.15,-0.018586667
19-12-2011,1847.8,0.00415727
20-12-2011,1849.5,0.000920013
21-12-2011,1868.55,0.010300081
22-12-2011,1920.85,0.027989618
23-12-2011,1913.35,-0.003904521
26-12-2011,1919.55,0.00324039
27-12-2011,1926.05,0.00338621
28-12-2011,1927.8,0.000908595
29-12-2011,1938.5,0.005550368
30-12-2011,1945.15,0.003430487
02-01-2012,1981.85,0.01886744
03-01-2012,1986.35,0.002270606
04-01-2012,1985.55,-0.000402749
05-01-2012,1965.05,-0.010324595
06-01-2012,1951.25,-0.007022722
07-01-2012,1957.55,0.0032287
09-01-2012,1959.5,0.000996143
10-01-2012,1969.05,0.004873692
11-01-2012,1965.55,-0.001777507
12-01-2012,1959.7,-0.002976266
13-01-2012,1963.25,0.001811502
16-01-2012,1983.65,0.010390933
17-01-2012,1983.35,-0.000151236
18-01-2012,1979.9,-0.001739481
19-01-2012,1965.8,-0.007121572
20-01-2012,1962.75,-0.001551531
23-01-2012,1958.9,-0.001961534
24-01-2012,1944.85,-0.007172393
25-01-2012,1936.35,-0.004370517
27-01-2012,1946.35,0.005164356
30-01-2012,1934.45,-0.006114008
31-01-2012,1940.05,0.00289488
01-02-2012,1939.7,-0.000180408
02-02-2012,1960.5,0.010723308
03-02-2012,1959.95,-0.000280541
06-02-2012,1982.7,0.011607439
07-02-2012,2038.3,0.028042568
08-02-2012,2025.25,-0.006402394
09-02-2012,2039.25,0.006912727
10-02-2012,2034.55,-0.002304769
13-02-2012,2035.05,0.000245755
14-02-2012,2042.25,0.003537997
15-02-2012,2106.25,0.031337985
16-02-2012,2086.55,-0.009353116
17-02-2012,2086.35,-9.59E-05
21-02-2012,2088.1,0.000838785
22-02-2012,2083,-0.002442412
23-02-2012,2074.6,-0.004032645
24-02-2012,2079.55,0.002386002
27-02-2012,2065.75,-0.006636051
28-02-2012,2080.6,0.007188672
29-02-2012,2074.85,-0.002763626
01-03-2012,2087.4,0.00604863
02-03-2012,2084.4,-0.001437195
03-03-2012,2073.5,-0.005229323
05-03-2012,2075.25,0.000843984
06-03-2012,2080.05,0.002312974
07-03-2012,2083.4,0.001610538
09-03-2012,2084,0.000287991
12-03-2012,2082.9,-0.000527831
13-03-2012,2086.7,0.001824379
14-03-2012,2087.05,0.000167729
15-03-2012,2116.45,0.014086869
16-03-2012,2140.45,0.011339743
19-03-2012,2144.9,0.002079002
20-03-2012,2163.75,0.008788288
21-03-2012,2207.6,0.020265742
22-03-2012,2190.2,-0.007881863
23-03-2012,2171.75,-0.008423888
26-03-2012,2189.6,0.008219178
27-03-2012,2200.2,0.004841067
28-03-2012,2256.8,0.025724934
29-03-2012,2223.75,-0.01464463
30-03-2012,2316.55,0.04173131
02-04-2012,2277.6,-0.016813796
03-04-2012,2289.4,0.005180892
04-04-2012,2255,-0.015025771
09-04-2012,2210.75,-0.01962306
10-04-2012,2218.45,0.003482981
11-04-2012,2185.45,-0.014875251
12-04-2012,2172.85,-0.005765403
13-04-2012,2192.2,0.008905355
16-04-2012,2174.75,-0.00796004
17-04-2012,2210.2,0.016300724
18-04-2012,2251.9,0.018867071
19-04-2012,2214.75,-0.01649718
20-04-2012,2240.9,0.011807202
23-04-2012,2238.95,-0.000870186
24-04-2012,2211.65,-0.012193216
25-04-2012,2190.65,-0.009495173
26-04-2012,2179.9,-0.004907219
27-04-2012,2177.95,-0.000894536
28-04-2012,2179.9,0.000895337
30-04-2012,2144.05,-0.016445709
02-05-2012,2172.95,0.013479163
03-05-2012,2170.75,-0.001012449
04-05-2012,2137.3,-0.015409421
07-05-2012,2127.6,-0.004538436
08-05-2012,2100.3,-0.012831359
09-05-2012,2082.95,-0.008260725
10-05-2012,2054.35,-0.013730526
11-05-2012,2050.1,-0.002068781
14-05-2012,2056.35,0.003048632
15-05-2012,2028.8,-0.013397525
16-05-2012,2028.4,-0.000197161
17-05-2012,2063.95,0.017526129
18-05-2012,2049.65,-0.006928462
21-05-2012,2042.3,-0.003585978
22-05-2012,1990.15,-0.025534936
23-05-2012,1964.85,-0.01271261
24-05-2012,1981.35,0.008397588
25-05-2012,1995.05,0.006914478
28-05-2012,2004.8,0.004887096
29-05-2012,1988.05,-0.008354948
30-05-2012,2024.4,0.018284248
31-05-2012,2010,-0.007113219
01-06-2012,1973.5,-0.018159204
04-06-2012,1985.6,0.006131239
05-06-2012,2010,0.012288477
06-06-2012,1985.55,-0.012164179
07-06-2012,1990.15,0.002316738
08-06-2012,1988.8,-0.000678341
11-06-2012,1958.75,-0.015109614
12-06-2012,2033.65,0.038238673
13-06-2012,2048.3,0.007203796
14-06-2012,2019.7,-0.013962798
15-06-2012,2012.65,-0.003490617
18-06-2012,2000,-0.006285246
19-06-2012,2001,0.0005
20-06-2012,2033.7,0.016341829
21-06-2012,2022.35,-0.005580961
22-06-2012,2013.85,-0.004203031
25-06-2012,2016.7,0.0014152
26-06-2012,2017.3,0.000297516
27-06-2012,2003.25,-0.006964755
28-06-2012,2007.1,0.001921877
29-06-2012,2019.3,0.006078422
02-07-2012,2029.85,0.005224583
03-07-2012,2038.65,0.004335296
04-07-2012,2022.15,-0.008093591
05-07-2012,2019.3,-0.001409391
06-07-2012,2016.45,-0.00141138
09-07-2012,2015.7,-0.000371941
10-07-2012,2039.85,0.01198095
11-07-2012,2061.45,0.010589014
12-07-2012,2050.75,-0.005190521
13-07-2012,2040.65,-0.004925027
16-07-2012,2059.8,0.009384265
17-07-2012,2056.7,-0.001505
18-07-2012,2066.55,0.004789225
19-07-2012,2079.75,0.006387457
20-07-2012,2072.1,-0.003678327
23-07-2012,2073.85,0.000844554
24-07-2012,2110.85,0.017841213
25-07-2012,2150.05,0.018570718
26-07-2012,2150.75,0.000325574
27-07-2012,2130.6,-0.009368825
30-07-2012,2124.4,-0.002909978
31-07-2012,2109.95,-0.006801921
01-08-2012,2104.35,-0.002654091
02-08-2012,2123.95,0.00931404
03-08-2012,2111,-0.00609713
06-08-2012,2086.15,-0.011771672
07-08-2012,2100.2,0.006734894
08-08-2012,2087.85,-0.005880392
09-08-2012,2105.3,0.00835788
10-08-2012,2109.05,0.001781219
13-08-2012,2100.15,-0.004219909
14-08-2012,2100.25,4.76E-05
16-08-2012,2094.85,-0.002571122
17-08-2012,2089,-0.002792563
21-08-2012,2085.05,-0.001890857
22-08-2012,2089.1,0.001942399
23-08-2012,2115.1,0.012445551
24-08-2012,2093.75,-0.010094085
27-08-2012,2089.05,-0.002244776
28-08-2012,2085.65,-0.001627534
29-08-2012,2096.25,0.005082348
30-08-2012,2093.2,-0.001454979
31-08-2012,2099.95,0.003224728
03-09-2012,2099.1,-0.000404772
04-09-2012,2100.4,0.000619313
05-09-2012,2100.3,-4.76E-05
06-09-2012,2100,-0.000142837
07-09-2012,2099.85,-7.14E-05
08-09-2012,2115.25,0.007333857
10-09-2012,2190.75,0.03569318
11-09-2012,2224,0.015177451
12-09-2012,2175.1,-0.02198741
13-09-2012,2120.05,-0.025309181
14-09-2012,2091.4,-0.013513832
17-09-2012,2006.05,-0.040809984
18-09-2012,1999.35,-0.003339897
20-09-2012,1985.6,-0.006877235
21-09-2012,1972.95,-0.00637087
24-09-2012,1980.35,0.003750729
25-09-2012,1987.2,0.003458985
26-09-2012,1998.55,0.005711554
27-09-2012,1958.05,-0.020264692
28-09-2012,1981.05,0.01174638
01-10-2012,2003.15,0.0111557
03-10-2012,1980.3,-0.011407034
04-10-2012,1952.1,-0.014240267
05-10-2012,1943.05,-0.004636033
08-10-2012,1936.65,-0.003293791
09-10-2012,1951.1,0.007461338
10-10-2012,1962.4,0.005791605
11-10-2012,1968.95,0.00333775
12-10-2012,1969.7,0.000380914
15-10-2012,1977.6,0.004010763
16-10-2012,1991.9,0.007230987
17-10-2012,1994.7,0.001405693
18-10-2012,1991.5,-0.001604251
19-10-2012,1996.45,0.002485564
22-10-2012,2000,0.001778156
23-10-2012,1995.85,-0.002075
25-10-2012,2003.8,0.003983265
26-10-2012,1999.85,-0.001971255
29-10-2012,2004.4,0.002275171
30-10-2012,2005,0.000299341
31-10-2012,2005,0
01-11-2012,2005.05,2.49E-05
02-11-2012,1998.2,-0.003416374
05-11-2012,1998.95,0.000375338
06-11-2012,2001.45,0.001250657
07-11-2012,2000,-0.000724475
08-11-2012,2004.65,0.002325
09-11-2012,2005.5,0.000424014
12-11-2012,2010.9,0.002692595
13-11-2012,1999.05,-0.005892884
15-11-2012,1985.15,-0.006953303
16-11-2012,1997.2,0.00607007
19-11-2012,1996.2,-0.000500701
20-11-2012,1999.55,0.001678189
21-11-2012,2000.6,0.000525118
22-11-2012,2016.2,0.007797661
23-11-2012,2002.25,-0.006918956
26-11-2012,2049.8,0.023748283
27-11-2012,2050.2,0.000195141
29-11-2012,2055.95,0.002804604
30-11-2012,2050.1,-0.0028454
03-12-2012,2021.9,-0.013755427
04-12-2012,2041.35,0.009619665
05-12-2012,2050.95,0.00470277
06-12-2012,2050.95,0
07-12-2012,2050.05,-0.000438821
10-12-2012,2050.15,4.88E-05
11-12-2012,2050.35,9.76E-05
12-12-2012,2050.15,-9.75E-05
13-12-2012,2074.55,0.011901568
14-12-2012,2065.6,-0.004314189
17-12-2012,2069.8,0.002033308
18-12-2012,2069.95,7.25E-05
19-12-2012,2070.25,0.000144931
20-12-2012,2087.6,0.00838063
21-12-2012,2078.4,-0.004406975
24-12-2012,2082.25,0.001852386
26-12-2012,2085.7,0.001656862
27-12-2012,2113.25,0.013208995
28-12-2012,2119.25,0.002839229
31-12-2012,2168.05,0.023027014
01-01-2013,2145.7,-0.010308803
02-01-2013,2140.15,-0.002586568
03-01-2013,2144.05,0.001822302
04-01-2013,2160.05,0.007462513
07-01-2013,2181.6,0.009976621
08-01-2013,2186.6,0.002291896
09-01-2013,2190.05,0.001577792
10-01-2013,2190.25,9.13E-05
11-01-2013,2190.45,9.13E-05
14-01-2013,2188.95,-0.000684791
15-01-2013,2200.9,0.005459238
16-01-2013,2198.5,-0.001090463
17-01-2013,2203.05,0.002069593
18-01-2013,2187.7,-0.006967613
21-01-2013,2173.95,-0.00628514
22-01-2013,2148.8,-0.011568803
23-01-2013,2102.25,-0.021663254
24-01-2013,2055.8,-0.022095374
25-01-2013,2054.1,-0.000826929
28-01-2013,2043.1,-0.005355143
29-01-2013,2051.65,0.004184817
30-01-2013,2052.9,0.000609266
31-01-2013,2048.8,-0.001997175
01-02-2013,2043.5,-0.00258688
04-02-2013,2037,-0.003180817
05-02-2013,2079.2,0.02071674
06-02-2013,2070.2,-0.004328588
07-02-2013,2079.1,0.004299102
08-02-2013,2098.9,0.009523351
11-02-2013,2077.35,-0.010267283
12-02-2013,2094.2,0.008111296
13-02-2013,2098.3,0.001957788
14-02-2013,2096.7,-0.000762522
15-02-2013,2096.95,0.000119235
18-02-2013,2097.1,7.15E-05
19-02-2013,2106.6,0.004530065
20-02-2013,2119.05,0.005909997
21-02-2013,2099.6,-0.009178641
22-02-2013,2099.65,2.38E-05
25-02-2013,2101.75,0.001000167
26-02-2013,2097.95,-0.001808017
27-02-2013,2097.85,-4.77E-05
28-02-2013,2110.95,0.006244488
01-03-2013,2098.9,-0.00570833
04-03-2013,2099.6,0.000333508
05-03-2013,2111.2,0.005524862
06-03-2013,2111,-9.47E-05
07-03-2013,2110.05,-0.000450024
08-03-2013,2116,0.002819838
11-03-2013,2126.45,0.004938563
12-03-2013,2134.4,0.003738625
13-03-2013,2133.25,-0.000538793
14-03-2013,2117.55,-0.007359662
15-03-2013,2119.75,0.001038937
18-03-2013,2160.4,0.01917679
19-03-2013,2150.8,-0.004443622
20-03-2013,2151.35,0.000255719
21-03-2013,2160.6,0.004299626
22-03-2013,2169.15,0.003957234
25-03-2013,2168.6,-0.000253556
26-03-2013,2189.85,0.009798949
28-03-2013,2205.25,0.007032445
01-04-2013,2222,0.007595511
02-04-2013,2229.9,0.003555356
03-04-2013,2268.55,0.017332616
04-04-2013,2200.95,-0.02979877
05-04-2013,2201.65,0.000318044
08-04-2013,2200.1,-0.000704017
09-04-2013,2200.5,0.00018181
10-04-2013,2217.55,0.007748239
11-04-2013,2204.4,-0.005929968
12-04-2013,2201.6,-0.001270187
15-04-2013,2204.8,0.001453488
16-04-2013,2200.1,-0.002131713
17-04-2013,2225.15,0.011385846
18-04-2013,2204.9,-0.00910051
22-04-2013,2207.05,0.000975101
23-04-2013,2204.15,-0.001313971
25-04-2013,2203.35,-0.000362952
26-04-2013,2204.05,0.000317698
29-04-2013,2216.65,0.005716749
30-04-2013,2262.3,0.02059414
02-05-2013,2269.75,0.003293109
03-05-2013,2278.9,0.004031281
06-05-2013,2309.65,0.013493352
07-05-2013,2398.05,0.038274197
08-05-2013,2344.7,-0.022247243
09-05-2013,2310.15,-0.014735361
10-05-2013,2323.35,0.005713915
11-05-2013,2303.3,-0.00862978
13-05-2013,2322.4,0.00829245
14-05-2013,2328.7,0.002712711
15-05-2013,2303.95,-0.010628248
16-05-2013,2271.1,-0.014258122
17-05-2013,2317.45,0.020408613
20-05-2013,2282.55,-0.015059656
21-05-2013,2278.7,-0.00168671
22-05-2013,2287.85,0.004015447
23-05-2013,2282.35,-0.002404004
24-05-2013,2273.5,-0.003877582
27-05-2013,2272.1,-0.000615791
28-05-2013,2266.05,-0.002662735
29-05-2013,2272.75,0.002956687
30-05-2013,2293,0.008909911
31-05-2013,2498.05,0.089424335
03-06-2013,2666.15,0.067292488
04-06-2013,2757.9,0.034412918
05-06-2013,2683.45,-0.026995177
06-06-2013,2706.15,0.00845926
07-06-2013,2637.75,-0.025275761
10-06-2013,2514.45,-0.046744384
11-06-2013,2424.65,-0.035713576
12-06-2013,2506.4,0.033716206
13-06-2013,2470.5,-0.014323332
14-06-2013,2434.25,-0.014673143
17-06-2013,2449.65,0.006326384
18-06-2013,2439.85,-0.004000572
19-06-2013,2467.9,0.011496608
20-06-2013,2505.75,0.015336926
21-06-2013,2484.75,-0.008380724
24-06-2013,2424.9,-0.02408693
25-06-2013,2396.4,-0.011753062
26-06-2013,2330.8,-0.027374395
27-06-2013,2329.7,-0.000471941
28-06-2013,2334.4,0.002017427
01-07-2013,2476.9,0.061043523
02-07-2013,2479.2,0.00092858
03-07-2013,2618.8,0.056308487
04-07-2013,2619.95,0.000439132
05-07-2013,2551.7,-0.026050115
08-07-2013,2530.1,-0.008464945
09-07-2013,2513.75,-0.006462195
10-07-2013,2494.8,-0.007538538
11-07-2013,2480.2,-0.005852173
12-07-2013,2553.55,0.029574228
15-07-2013,2579.8,0.010279807
16-07-2013,2601,0.008217691
17-07-2013,2575.65,-0.009746251
18-07-2013,2544.75,-0.011996972
19-07-2013,2527.1,-0.006935848
22-07-2013,2494.5,-0.012900162
23-07-2013,2482.3,-0.00489076
24-07-2013,2449.95,-0.013032268
25-07-2013,2436.25,-0.005591951
26-07-2013,2453.85,0.007224218
29-07-2013,2449.65,-0.001711596
30-07-2013,2374.8,-0.030555385
31-07-2013,2368.15,-0.002800236
01-08-2013,2348.55,-0.008276503
02-08-2013,2282.85,-0.027974708
05-08-2013,2261.5,-0.009352345
06-08-2013,2320.45,0.02606677
07-08-2013,2402.25,0.035251783
08-08-2013,2331.85,-0.029305859
12-08-2013,2285.15,-0.020027017
13-08-2013,2277.8,-0.003216419
14-08-2013,2291.75,0.00612433
16-08-2013,2265,-0.011672303
19-08-2013,2249.05,-0.007041943
20-08-2013,2237.65,-0.005068807
21-08-2013,2246.65,0.004022077
22-08-2013,2274.8,0.012529767
23-08-2013,2289.2,0.006330227
26-08-2013,2311.5,0.009741394
27-08-2013,2256.65,-0.02372918
28-08-2013,2263.25,0.002924689
29-08-2013,2293.45,0.013343643
30-08-2013,2350.9,0.025049598
02-09-2013,2349.85,-0.000446637
03-09-2013,2290.4,-0.025299487
04-09-2013,2268.8,-0.009430667
05-09-2013,2253.85,-0.006589386
06-09-2013,2258.8,0.002196242
10-09-2013,2322.5,0.028200815
11-09-2013,2415.1,0.039870829
12-09-2013,2402.4,-0.005258581
13-09-2013,2358.8,-0.018148518
16-09-2013,2352.9,-0.002501272
17-09-2013,2350.15,-0.00116877
18-09-2013,2349.45,-0.000297853
19-09-2013,2350.15,0.000297942
20-09-2013,2465.6,0.049124524
23-09-2013,2393.35,-0.029303212
24-09-2013,2402.3,0.003739528
25-09-2013,2430.05,0.01155143
26-09-2013,2432.2,0.000884755
27-09-2013,2438,0.002384672
30-09-2013,2468.05,0.012325677
01-10-2013,2475.1,0.002856506
03-10-2013,2473.3,-0.000727243
04-10-2013,2475,0.000687341
07-10-2013,2493.95,0.007656566
08-10-2013,2480.75,-0.005292809
09-10-2013,2486.25,0.002217071
10-10-2013,2489.85,0.001447964
11-10-2013,2480.2,-0.003875735
14-10-2013,2479.45,-0.000302395
15-10-2013,2478.95,-0.000201658
17-10-2013,2481,0.000826963
18-10-2013,2479.4,-0.000644901
21-10-2013,2479.65,0.000100831
22-10-2013,2480.05,0.000161313
23-10-2013,2479.9,-6.05E-05
24-10-2013,2419.25,-0.024456631
25-10-2013,2419.65,0.00016534
28-10-2013,2419.45,-8.27E-05
29-10-2013,2434.85,0.006365083
30-10-2013,2435.15,0.000123211
31-10-2013,2431.35,-0.001560479
01-11-2013,2481.45,0.020605836
03-11-2013,2461.55,-0.008019505
05-11-2013,2482.4,0.008470273
06-11-2013,2501.1,0.007533033
07-11-2013,2489.9,-0.00447803
08-11-2013,2487.8,-0.000843407
11-11-2013,2474.3,-0.005426481
12-11-2013,2470.05,-0.001717658
13-11-2013,2410.2,-0.024230279
14-11-2013,2410.3,4.15E-05
18-11-2013,2416.2,0.002447828
19-11-2013,2420.05,0.001593411
20-11-2013,2414,-0.002499948
21-11-2013,2405.8,-0.003396852
22-11-2013,2405.95,6.23E-05
25-11-2013,2405.5,-0.000187036
26-11-2013,2396.35,-0.003803783
27-11-2013,2390.05,-0.002628998
28-11-2013,2389.95,-4.18E-05
29-11-2013,2495.7,0.044247788
02-12-2013,2523.25,0.011038987
03-12-2013,2594.35,0.028177945
04-12-2013,2572.4,-0.008460693
05-12-2013,2557.75,-0.005695071
06-12-2013,2522.6,-0.013742547
09-12-2013,2510.8,-0.004677713
10-12-2013,2489.2,-0.008602836
11-12-2013,2469.65,-0.007853929
12-12-2013,2432.15,-0.015184338
13-12-2013,2460.15,0.011512448
16-12-2013,2925.6,0.189195781
17-12-2013,2949.55,0.008186355
18-12-2013,2943.15,-0.002169823
19-12-2013,2937.25,-0.002004655
20-12-2013,2930.75,-0.002212954
23-12-2013,2936.6,0.001996076
24-12-2013,2951.95,0.005227133
26-12-2013,2954.6,0.000897712
27-12-2013,2958.1,0.001184594
30-12-2013,2975.25,0.00579764
31-12-2013,2998.3,0.007747248
01-01-2014,2990.45,-0.00261815
02-01-2014,2986.05,-0.00147135
03-01-2014,2986.15,3.35E-05
06-01-2014,2985.05,-0.000368367
07-01-2014,2979.05,-0.002010017
08-01-2014,2974.2,-0.001628036
09-01-2014,2961.85,-0.004152377
10-01-2014,2965.15,0.001114169
13-01-2014,2984.7,0.006593258
14-01-2014,2978.15,-0.002194525
15-01-2014,2978.05,-3.36E-05
16-01-2014,2971.3,-0.002266584
17-01-2014,2977.25,0.00200249
20-01-2014,2977.9,0.000218322
21-01-2014,2977.85,-1.68E-05
22-01-2014,2974.7,-0.00105781
23-01-2014,2978.3,0.001210206
24-01-2014,2983.05,0.00159487
27-01-2014,2977.4,-0.001894035
28-01-2014,2978.7,0.000436623
29-01-2014,2973.65,-0.00169537
30-01-2014,2978.35,0.001580549
31-01-2014,2984.1,0.001930599
03-02-2014,2986.35,0.000753996
04-02-2014,2984.85,-0.000502285
05-02-2014,2982.6,-0.000753807
06-02-2014,2969.9,-0.00425803
07-02-2014,2972,0.000707095
10-02-2014,2981.9,0.00333109
11-02-2014,2982.85,0.000318589
12-02-2014,2983,5.03E-05
13-02-2014,3003.7,0.006939323
14-02-2014,3008.65,0.001647968
17-02-2014,3013.4,0.001578781
18-02-2014,3017.6,0.001393774
19-02-2014,3009.25,-0.0027671
20-02-2014,3017.45,0.002724931
21-02-2014,3028.05,0.0035129
24-02-2014,3030.9,0.0009412
25-02-2014,3036.5,0.001847636
26-02-2014,3045.75,0.00304627
28-02-2014,3045.15,-0.000196996
03-03-2014,3053.05,0.002594289
04-03-2014,2966.45,-0.028365078
05-03-2014,2744.8,-0.07471894
06-03-2014,2676.45,-0.024901632
07-03-2014,2648.35,-0.010498982
10-03-2014,2508.8,-0.052693186
11-03-2014,2441.9,-0.026666135
12-03-2014,2477.75,0.014681191
13-03-2014,2533.75,0.02260115
14-03-2014,2605.75,0.028416379
18-03-2014,2651.9,0.017710832
19-03-2014,2650.5,-0.000527923
20-03-2014,2637.5,-0.004904735
21-03-2014,2568.9,-0.026009479
22-03-2014,2596.4,0.010704971
24-03-2014,2552.9,-0.016753967
25-03-2014,2550.15,-0.001077206
26-03-2014,2550.15,0
27-03-2014,2573,0.008960257
28-03-2014,2588.75,0.006121259
31-03-2014,2573.2,-0.00600676
01-04-2014,2580.9,0.002992383
02-04-2014,2589.95,0.003506529
03-04-2014,2571.1,-0.007278133
04-04-2014,2562.85,-0.003208743
07-04-2014,2548.55,-0.005579726
09-04-2014,2545.25,-0.001294854
10-04-2014,2534.95,-0.004046754
11-04-2014,2536.4,0.000572003
15-04-2014,2500.95,-0.013976502
16-04-2014,2503.85,0.001159559
17-04-2014,2491.55,-0.004912435
21-04-2014,2489.25,-0.00092312
22-04-2014,2482.35,-0.002771919
23-04-2014,2457.1,-0.010171813
25-04-2014,2442,-0.006145456
28-04-2014,2419,-0.009418509
29-04-2014,2430.45,0.004733361
30-04-2014,2466.3,0.014750355
02-05-2014,2449.4,-0.00685237
05-05-2014,2420.65,-0.011737568
06-05-2014,2380.55,-0.016565798
07-05-2014,2376.45,-0.001722291
08-05-2014,2402.95,0.011151087
09-05-2014,2386.95,-0.006658482
12-05-2014,2383.2,-0.001571043
13-05-2014,2435.55,0.021966264
14-05-2014,2437.75,0.000903287
15-05-2014,2459.45,0.008901651
16-05-2014,2501.25,0.01699567
19-05-2014,2504.05,0.00111944
20-05-2014,2525,0.008366446
21-05-2014,2549.55,0.009722772
22-05-2014,2556.2,0.002608303
23-05-2014,2516.1,-0.015687348
26-05-2014,2484.45,-0.012578991
27-05-2014,2453,-0.012658737
28-05-2014,2428.6,-0.009947004
29-05-2014,2453.25,0.010149881
30-05-2014,2434.75,-0.007541017
02-06-2014,2461.65,0.011048362
03-06-2014,2449.4,-0.004976337
04-06-2014,2446.25,-0.001286029
05-06-2014,2456.3,0.004108329
06-06-2014,2490.8,0.014045516
09-06-2014,2475.35,-0.006202826
10-06-2014,2494.85,0.007877674
11-06-2014,2481.35,-0.005411147
12-06-2014,2514.7,0.013440264
13-06-2014,2488.25,-0.010518153
16-06-2014,2478.55,-0.003898322
17-06-2014,2477.85,-0.000282423
18-06-2014,2477.05,-0.000322861
19-06-2014,2462.55,-0.005853737
20-06-2014,2477.9,0.006233376
23-06-2014,2485.3,0.0029864
24-06-2014,2486.75,0.000583431
25-06-2014,2473.75,-0.005227707
26-06-2014,2463.9,-0.003981809
27-06-2014,2490.7,0.010877065
30-06-2014,2501.6,0.00437628
01-07-2014,2499.7,-0.000759514
02-07-2014,2533.45,0.01350162
03-07-2014,2551.95,0.007302295
04-07-2014,2549.1,-0.001116793
07-07-2014,2551.45,0.000921894
08-07-2014,2508.55,-0.016813969
09-07-2014,2508.5,-1.99E-05
10-07-2014,2481.5,-0.010763404
11-07-2014,2500.4,0.007616361
14-07-2014,2488.2,-0.004879219
15-07-2014,2506.7,0.007435094
16-07-2014,2499.95,-0.002692783
17-07-2014,2505.25,0.002120042
18-07-2014,2491.25,-0.005588265
21-07-2014,2487.65,-0.001445058
22-07-2014,2472.75,-0.005989589
23-07-2014,2487.2,0.005843696
24-07-2014,2482.25,-0.00199019
25-07-2014,2482.3,2.01E-05
28-07-2014,2491.45,0.003686098
30-07-2014,2492.75,0.000521785
31-07-2014,2495.55,0.001123257
01-08-2014,2482.7,-0.005149166
04-08-2014,2480.9,-0.000725017
05-08-2014,2488.95,0.00324479
06-08-2014,2491.85,0.00116515
07-08-2014,2506.1,0.005718643
08-08-2014,2500.6,-0.002194645
11-08-2014,2497.4,-0.001279693
12-08-2014,2518.7,0.00852887
13-08-2014,2494.25,-0.009707389
14-08-2014,2491.75,-0.001002305
18-08-2014,2489.3,-0.000983245
19-08-2014,2492.05,0.001104728
20-08-2014,2505.15,0.005256716
21-08-2014,2501.7,-0.001377163
22-08-2014,2488.65,-0.005216453
25-08-2014,2479.95,-0.003495871
26-08-2014,2481,0.000423396
27-08-2014,2497.4,0.006610238
28-08-2014,2488.65,-0.003503644
01-09-2014,2493.95,0.002129669
02-09-2014,2499.95,0.002405822
03-09-2014,2494.2,-0.002300046
04-09-2014,2488.65,-0.002225162
05-09-2014,2503.2,0.005846543
08-09-2014,2537.65,0.013762384
09-09-2014,2521.8,-0.006245936
10-09-2014,2509,-0.00507574
11-09-2014,2512.25,0.001295337
12-09-2014,2504.6,-0.003045079
15-09-2014,2524.65,0.00800527
16-09-2014,2497.1,-0.010912404
17-09-2014,2504.1,0.002803252
18-09-2014,2510.3,0.002475939
19-09-2014,2500.85,-0.00376449
22-09-2014,2510.75,0.003958654
23-09-2014,2539.9,0.011610077
24-09-2014,2665.1,0.049293279
25-09-2014,2685.5,0.007654497
26-09-2014,2705.3,0.007372929
29-09-2014,2764.05,0.02171663
30-09-2014,2826.75,0.022684105
01-10-2014,2803.1,-0.008366499
07-10-2014,2886.9,0.029895473
08-10-2014,2807.6,-0.027468911
09-10-2014,2775.85,-0.011308591
10-10-2014,2718.8,-0.020552263
13-10-2014,2739.9,0.007760777
14-10-2014,2744.3,0.001605898
16-10-2014,2687.85,-0.020569909
17-10-2014,2702.25,0.005357442
20-10-2014,2707.2,0.001831807
21-10-2014,2716.45,0.003416814
22-10-2014,2709.55,-0.00254008
23-10-2014,2704.1,-0.002011404
27-10-2014,2700.15,-0.001460745
28-10-2014,2701.45,0.000481455
29-10-2014,2679.5,-0.008125266
30-10-2014,2705.8,0.009815264
31-10-2014,2720,0.005247986
03-11-2014,2732.8,0.004705882
05-11-2014,2760.25,0.010044643
07-11-2014,2790.85,0.011085952
10-11-2014,2799.55,0.00311733
11-11-2014,2766.05,-0.011966209
12-11-2014,2843.5,0.028000217
13-11-2014,2840.35,-0.00110779
14-11-2014,2849.25,0.003133417
17-11-2014,2853.1,0.001351233
18-11-2014,2849.75,-0.001174161
19-11-2014,2899.4,0.017422581
20-11-2014,2926.3,0.009277782
21-11-2014,2944.3,0.006151112
24-11-2014,2939.8,-0.001528377
25-11-2014,2873.15,-0.02267161
26-11-2014,2907.75,0.012042532
27-11-2014,2933.7,0.008924426
28-11-2014,2933.8,3.41E-05
01-12-2014,2972.8,0.01329334
02-12-2014,3172.1,0.067041173
03-12-2014,3210.5,0.012105545
04-12-2014,3190.1,-0.00635415
05-12-2014,3193.95,0.001206859
08-12-2014,3213.7,0.006183566
09-12-2014,3159.2,-0.016958646
10-12-2014,3146,-0.004178273
11-12-2014,3091.05,-0.017466624
12-12-2014,3108.85,0.005758561
15-12-2014,3062.5,-0.01490905
16-12-2014,2941.5,-0.039510204
17-12-2014,2876.1,-0.022233554
18-12-2014,2980.15,0.036177463
19-12-2014,2986.25,0.002046877
22-12-2014,2984.95,-0.000435329
23-12-2014,3075.05,0.03018476
24-12-2014,3120.85,0.014894067
26-12-2014,3117.85,-0.000961277
29-12-2014,3156.8,0.012492583
30-12-2014,3187.3,0.009661683
31-12-2014,3198.45,0.003498259
01-01-2015,3169.9,-0.008926199
02-01-2015,3131.9,-0.01198776
05-01-2015,3136.15,0.001357004
06-01-2015,3151.1,0.004766991
07-01-2015,3180.1,0.009203135
08-01-2015,3207.5,0.008616081
09-01-2015,3192.65,-0.004629774
12-01-2015,3192.8,4.70E-05
13-01-2015,3183.95,-0.002771862
14-01-2015,3193.1,0.002873789
15-01-2015,3175.15,-0.005621496
16-01-2015,3205.1,0.009432625
19-01-2015,3173.8,-0.009765686
20-01-2015,3168.95,-0.001528137
21-01-2015,3159.05,-0.003124063
22-01-2015,3154,-0.001598582
23-01-2015,3343.05,0.059939759
27-01-2015,3445.5,0.030645668
28-01-2015,3389.7,-0.016195037
29-01-2015,3444.55,0.016181373
30-01-2015,3390.2,-0.015778549
02-02-2015,3383.2,-0.002064775
03-02-2015,3337.4,-0.013537479
04-02-2015,3349.45,0.003610595
05-02-2015,3301.55,-0.014300855
06-02-2015,3295.95,-0.001696173
09-02-2015,3287.95,-0.002427221
10-02-2015,3322.55,0.010523274
11-02-2015,3295.55,-0.008126289
12-02-2015,3253.4,-0.012789974
13-02-2015,3266.4,0.00399582
16-02-2015,3247.6,-0.005755572
18-02-2015,3245.05,-0.000785195
19-02-2015,3221.3,-0.007318839
20-02-2015,3184.8,-0.011330829
23-02-2015,3131.05,-0.016877041
24-02-2015,3119.6,-0.00365692
25-02-2015,3105.1,-0.004648032
26-02-2015,3098.9,-0.001996715
27-02-2015,3099.95,0.00033883
28-02-2015,3109.25,0.003000048
02-03-2015,3090.4,-0.006062555
03-03-2015,3110.9,0.006633446
04-03-2015,3139.6,0.009225626
05-03-2015,3273.25,0.042569117
09-03-2015,3314.9,0.012724357
10-03-2015,3343.9,0.008748379
11-03-2015,3359.35,0.004620353
12-03-2015,3302.05,-0.017056871
13-03-2015,3304.75,0.000817674
16-03-2015,3286.4,-0.005552614
17-03-2015,3261.6,-0.007546251
18-03-2015,3278.1,0.005058867
19-03-2015,3264.15,-0.004255514
20-03-2015,3255.05,-0.002787862
23-03-2015,3283.15,0.00863274
24-03-2015,3252.75,-0.0092594
25-03-2015,3283.85,0.009561141
26-03-2015,3262.75,-0.006425385
27-03-2015,3274.15,0.003493985
30-03-2015,3285.2,0.003374922
31-03-2015,3425.65,0.042752344
01-04-2015,3353.25,-0.021134675
06-04-2015,3360.1,0.002042794
07-04-2015,3358.9,-0.000357132
08-04-2015,3359.5,0.00017863
09-04-2015,3340.85,-0.005551421
10-04-2015,3314.3,-0.007947079
13-04-2015,3349.75,0.010696075
15-04-2015,3342.95,-0.002030002
16-04-2015,3312.75,-0.009033937
17-04-2015,3273.45,-0.011863256
20-04-2015,3198.4,-0.022926881
21-04-2015,3190.5,-0.002469985
22-04-2015,3199.85,0.002930575
23-04-2015,3197.2,-0.000828164
24-04-2015,3062.65,-0.042083698
27-04-2015,2996.05,-0.021745874
28-04-2015,3038.85,0.014285476
29-04-2015,3140.05,0.033302072
30-04-2015,3183.4,0.013805513
04-05-2015,3175.25,-0.002560156
05-05-2015,3235.5,0.018974884
06-05-2015,3198.1,-0.011559264
07-05-2015,3173.25,-0.007770239
08-05-2015,3185.5,0.003860395
11-05-2015,3187.45,0.000612149
12-05-2015,3193,0.001741204
13-05-2015,3195.4,0.000751644
14-05-2015,3225.4,0.009388496
15-05-2015,3240.2,0.004588578
18-05-2015,3279.45,0.01211345
19-05-2015,3251.4,-0.008553264
20-05-2015,3209.5,-0.012886756
21-05-2015,3210.75,0.000389469
22-05-2015,3192.15,-0.005793039
25-05-2015,3197.75,0.001754304
26-05-2015,3191.5,-0.001954499
27-05-2015,3167.6,-0.007488642
28-05-2015,3200.85,0.010496906
29-05-2015,3228.1,0.008513364
01-06-2015,3247.25,0.005932282
02-06-2015,3297.75,0.015551621
03-06-2015,3218.6,-0.024001213
04-06-2015,3183.9,-0.010781085
05-06-2015,3199.1,0.004774019
08-06-2015,3180.4,-0.005845394
09-06-2015,3194.45,0.004417683
10-06-2015,3224,0.009250419
11-06-2015,3209,-0.004652605
12-06-2015,3233.35,0.007588034
15-06-2015,3258.6,0.007809238
16-06-2015,3279.25,0.006337077
17-06-2015,3325.4,0.01407334
18-06-2015,3313.55,-0.003563481
19-06-2015,3296.9,-0.005024822
22-06-2015,3277.3,-0.005944979
23-06-2015,3269.55,-0.002364751
24-06-2015,3261.15,-0.002569161
25-06-2015,3263.4,0.000689941
26-06-2015,3287.6,0.007415579
29-06-2015,3287.1,-0.000152087
30-06-2015,3348.1,0.018557391
01-07-2015,3323.45,-0.007362385
02-07-2015,3352,0.008590471
03-07-2015,3347.4,-0.001372315
06-07-2015,3353.55,0.001837247
07-07-2015,3406.35,0.01574451
08-07-2015,3460.95,0.016028887
09-07-2015,3417,-0.012698825
10-07-2015,3403.65,-0.003906936
13-07-2015,3410.25,0.001939095
14-07-2015,3417.15,0.002023312
15-07-2015,3423.95,0.001989962
16-07-2015,3420.9,-0.000890784
17-07-2015,3418.7,-0.000643106
20-07-2015,3395.75,-0.006713078
21-07-2015,3378.9,-0.004962085
22-07-2015,3436.9,0.01716535
23-07-2015,3403,-0.00986354
24-07-2015,3388.6,-0.00423156
27-07-2015,3382.3,-0.001859175
28-07-2015,3392.35,0.002971351
29-07-2015,3445.05,0.015534954
30-07-2015,3531.75,0.025166543
31-07-2015,3522.3,-0.002675727
03-08-2015,3592.5,0.019930159
04-08-2015,3694.9,0.028503827
05-08-2015,3754.05,0.016008552
06-08-2015,3730.55,-0.006259906
07-08-2015,3669.85,-0.016271059
10-08-2015,3616.9,-0.014428383
11-08-2015,3612.4,-0.001244159
12-08-2015,3626.9,0.004013952
13-08-2015,3602.75,-0.006658579
14-08-2015,3679.7,0.021358684
17-08-2015,3652.1,-0.007500611
18-08-2015,3664.6,0.003422688
19-08-2015,3620.15,-0.012129564
20-08-2015,3604.15,-0.004419706
21-08-2015,3587.95,-0.004494818
24-08-2015,3409.1,-0.049847406
25-08-2015,3382.25,-0.007875979
26-08-2015,3377.5,-0.001404391
27-08-2015,3370.8,-0.001983716
28-08-2015,3393.45,0.006719473
31-08-2015,3397.25,0.001119804
01-09-2015,3379.5,-0.005224814
02-09-2015,3366.25,-0.003920698
03-09-2015,3389.2,0.006817675
04-09-2015,3368.6,-0.006078131
07-09-2015,3345.05,-0.006991035
08-09-2015,3323.1,-0.006561935
09-09-2015,3319.85,-0.000978002
10-09-2015,3350.9,0.009352832
11-09-2015,3333.75,-0.005118028
14-09-2015,3327,-0.002024747
15-09-2015,3325.5,-0.000450857
16-09-2015,3321.55,-0.001187791
18-09-2015,3349.3,0.008354533
21-09-2015,3348.5,-0.000238856
22-09-2015,3347.65,-0.000253845
23-09-2015,3346.8,-0.000253909
24-09-2015,3371.55,0.007395124
28-09-2015,3317.4,-0.016060862
29-09-2015,3325.75,0.002517031
30-09-2015,3359.55,0.010163121
01-10-2015,3363.95,0.001309699
05-10-2015,3354.9,-0.00269029
06-10-2015,3373.55,0.005559033
07-10-2015,3387.9,0.004253679
08-10-2015,3365.75,-0.006537973
09-10-2015,3319.3,-0.013800787
12-10-2015,3318.45,-0.000256078
13-10-2015,3307.75,-0.003224397
14-10-2015,3300.15,-0.002297634
15-10-2015,3304.65,0.001363574
16-10-2015,3323.55,0.005719214
19-10-2015,3315.75,-0.002346888
20-10-2015,3300.1,-0.004719897
21-10-2015,3303.5,0.001030272
23-10-2015,3321,0.005297412
26-10-2015,3298.5,-0.006775068
27-10-2015,3282.65,-0.004805214
28-10-2015,3282.2,-0.000137084
29-10-2015,3276.75,-0.001660472
30-10-2015,3310.15,0.010193027
02-11-2015,3240,-0.021192393
03-11-2015,3245.8,0.001790123
04-11-2015,3231.75,-0.004328671
05-11-2015,3209.25,-0.006962172
06-11-2015,3212.45,0.000997118
09-11-2015,3231.35,0.00588336
10-11-2015,3140.2,-0.028208025
11-11-2015,3171.75,0.010047131
13-11-2015,3154.25,-0.005517459
16-11-2015,3129.15,-0.007957518
17-11-2015,3129.1,-1.60E-05
18-11-2015,3124.65,-0.001422134
19-11-2015,3151.85,0.008704975
20-11-2015,3198.75,0.01488015
23-11-2015,3232.4,0.010519734
24-11-2015,3255.15,0.007038114
26-11-2015,3284.65,0.009062562
27-11-2015,3278.2,-0.00196368
30-11-2015,3296.25,0.00550607
01-12-2015,3293.5,-0.000834281
02-12-2015,3305.7,0.003704266
03-12-2015,3269.85,-0.010844904
04-12-2015,3284.8,0.004572075
07-12-2015,3276.8,-0.00243546
08-12-2015,3281.6,0.001464844
09-12-2015,3270.25,-0.003458679
10-12-2015,3250.45,-0.006054583
11-12-2015,3244.8,-0.001738221
14-12-2015,3304.1,0.018275394
15-12-2015,3314.1,0.003026543
16-12-2015,3299.4,-0.004435593
17-12-2015,3297.3,-0.000636479
18-12-2015,3275.35,-0.006656962
21-12-2015,3278.15,0.00085487
22-12-2015,3269.95,-0.002501411
23-12-2015,3297.2,0.008333461
24-12-2015,3295.45,-0.000530753
28-12-2015,3279.2,-0.004931041
29-12-2015,3297.05,0.005443401
30-12-2015,3324.2,0.008234634
31-12-2015,3314.05,-0.003053366
01-01-2016,3294.85,-0.005793515
04-01-2016,3258.2,-0.01112342
05-01-2016,3277.8,0.006015591
06-01-2016,3277.05,-0.000228812
07-01-2016,3233.3,-0.013350422
08-01-2016,3295.5,0.019237312
11-01-2016,3230.6,-0.019693521
12-01-2016,3270.05,0.012211354
13-01-2016,3294.1,0.007354628
14-01-2016,3233.1,-0.018517956
15-01-2016,3207.45,-0.007933562
18-01-2016,3162.25,-0.014092192
19-01-2016,3204.4,0.013329117
20-01-2016,3142.85,-0.019207964
21-01-2016,3068.75,-0.023577326
22-01-2016,3159.65,0.029621181
25-01-2016,3184.1,0.007738199
27-01-2016,3230.65,0.014619516
28-01-2016,3229.6,-0.000325012
29-01-2016,3236.4,0.002105524
01-02-2016,3297.2,0.018786306
02-02-2016,3262.2,-0.010615067
03-02-2016,3208.1,-0.0165839
04-02-2016,3226.8,0.005828995
05-02-2016,3306.3,0.024637412
08-02-2016,3296.6,-0.002933793
09-02-2016,3243.7,-0.016046836
10-02-2016,3244.7,0.00030829
11-02-2016,3202.2,-0.013098283
12-02-2016,3222.25,0.00626132
15-02-2016,3215.6,-0.002063775
16-02-2016,3179.8,-0.011133226
17-02-2016,3217.15,0.011746022
18-02-2016,3205.2,-0.003714468
19-02-2016,3223.05,0.005569075
22-02-2016,3228.3,0.001628892
23-02-2016,3227.3,-0.000309761
24-02-2016,3213.8,-0.004183063
25-02-2016,3147.8,-0.020536437
26-02-2016,3146.1,-0.00054006
29-02-2016,3157.4,0.003591749
01-03-2016,3196,0.012225249
02-03-2016,3249,0.016583229
03-03-2016,3198.5,-0.015543244
04-03-2016,3251.35,0.01652337
08-03-2016,3204,-0.014563181
09-03-2016,3249.35,0.014154182
10-03-2016,3230.95,-0.005662671
11-03-2016,3244.85,0.00430214
14-03-2016,3259.9,0.004638119
15-03-2016,3277.5,0.005398939
16-03-2016,3325.05,0.014508009
17-03-2016,3366.4,0.012435903
18-03-2016,3399.6,0.009862167
21-03-2016,3457.5,0.017031415
22-03-2016,3539,0.023571945
23-03-2016,3695.7,0.044278045
28-03-2016,3698.05,0.000635874
29-03-2016,3676.1,-0.005935561
30-03-2016,3772.95,0.026345856
31-03-2016,3814.75,0.011078864
01-04-2016,3811.1,-0.000956812
04-04-2016,3758.05,-0.013919866
05-04-2016,3705.6,-0.013956706
06-04-2016,3720.45,0.004007448
07-04-2016,3675.3,-0.012135629
08-04-2016,3683.2,0.002149484
11-04-2016,3677.65,-0.001506842
12-04-2016,3675.85,-0.000489443
13-04-2016,3737.45,0.016758029
18-04-2016,3713.45,-0.006421491
20-04-2016,3710.5,-0.00079441
21-04-2016,3703.1,-0.00199434
22-04-2016,3666.55,-0.009870109
25-04-2016,3664.05,-0.00068184
26-04-2016,3745,0.022093039
27-04-2016,3768.9,0.006381842
28-04-2016,3746.7,-0.005890313
29-04-2016,3731.4,-0.004083594
02-05-2016,3672.55,-0.01577156
03-05-2016,3626.2,-0.012620659
04-05-2016,3627.7,0.000413656
05-05-2016,3609.4,-0.005044519
06-05-2016,3582.25,-0.007522026
09-05-2016,3592.1,0.002749669
10-05-2016,3533.85,-0.016216141
11-05-2016,3536.75,0.000820635
12-05-2016,3467.65,-0.019537711
13-05-2016,3415.1,-0.015154355
16-05-2016,3435.4,0.005944189
17-05-2016,3417.6,-0.005181347
18-05-2016,3388.7,-0.008456227
19-05-2016,3345.2,-0.012836781
20-05-2016,3390.9,0.013661366
23-05-2016,3378.3,-0.003715828
24-05-2016,3403.55,0.007474173
25-05-2016,3436,0.009534163
26-05-2016,3505.7,0.020285215
27-05-2016,3528.35,0.006460907
30-05-2016,3572.25,0.012442076
31-05-2016,3554.45,-0.004982854
01-06-2016,3532.3,-0.006231625
02-06-2016,3533.9,0.000452963
03-06-2016,3538.6,0.001329975
06-06-2016,3516.75,-0.006174758
07-06-2016,3524.8,0.002289045
08-06-2016,3519.6,-0.001475261
09-06-2016,3504.6,-0.004261848
10-06-2016,3496.95,-0.002182845
13-06-2016,3498.55,0.000457542
14-06-2016,3491.15,-0.002115162
15-06-2016,3519.3,0.008063246
16-06-2016,3483.8,-0.010087233
17-06-2016,3527.45,0.012529422
20-06-2016,3498.85,-0.00810784
21-06-2016,3514.3,0.004415737
22-06-2016,3457.55,-0.016148308
23-06-2016,3416.2,-0.011959335
24-06-2016,3475.25,0.017285288
27-06-2016,3490.15,0.004287461
28-06-2016,3503.85,0.003925333
29-06-2016,3499.75,-0.001170141
30-06-2016,3487.4,-0.003528823
01-07-2016,3468.9,-0.005304812
04-07-2016,3503.1,0.009859033
05-07-2016,3495.15,-0.002269419
07-07-2016,3519.3,0.006909575
08-07-2016,3487.8,-0.008950644
11-07-2016,3519.6,0.009117495
12-07-2016,3512.6,-0.001988862
13-07-2016,3505.4,-0.002049764
14-07-2016,3522.05,0.004749815
15-07-2016,3458.95,-0.017915703
18-07-2016,3412.4,-0.013457841
19-07-2016,3428.45,0.004703435
20-07-2016,3401.1,-0.007977366
21-07-2016,3396.85,-0.001249596
22-07-2016,3399.1,0.000662378
25-07-2016,3410.1,0.003236151
26-07-2016,3390.85,-0.005644996
27-07-2016,3366.4,-0.007210581
28-07-2016,3346.5,-0.005911359
29-07-2016,3314.95,-0.00942776
01-08-2016,3222.55,-0.027873724
02-08-2016,3198.5,-0.007463034
03-08-2016,3142.65,-0.01746131
04-08-2016,3094.25,-0.015401015
05-08-2016,3140.5,0.014947079
08-08-2016,3121.1,-0.00617736
09-08-2016,3108.2,-0.004133158
10-08-2016,3063.5,-0.014381314
11-08-2016,3119.8,0.018377673
12-08-2016,3118.85,-0.000304507
16-08-2016,3050.9,-0.021786877
17-08-2016,3168.45,0.038529614
18-08-2016,3143.05,-0.008016538
19-08-2016,3121.6,-0.006824581
22-08-2016,3075.6,-0.014736033
23-08-2016,3081.95,0.002064638
24-08-2016,3051.15,-0.009993673
25-08-2016,3012.65,-0.012618193
26-08-2016,2981.7,-0.010273347
29-08-2016,2979.25,-0.000821679
30-08-2016,3010.45,0.010472434
31-08-2016,3033.95,0.007806142
01-09-2016,2985.15,-0.016084642
02-09-2016,2974.05,-0.003718406
06-09-2016,3000.05,0.008742287
07-09-2016,3010.6,0.003516608
08-09-2016,3003.4,-0.00239155
09-09-2016,3001.05,-0.000782447
12-09-2016,2986.35,-0.004898286
14-09-2016,2957.25,-0.009744337
15-09-2016,2968.25,0.003719672
16-09-2016,2826.45,-0.047772256
19-09-2016,2841.5,0.005324701
20-09-2016,2828.8,-0.00446947
21-09-2016,2810.55,-0.006451499
22-09-2016,2794.85,-0.005586095
23-09-2016,2805.25,0.00372113
26-09-2016,2798.35,-0.002459674
27-09-2016,2822.9,0.008773027
28-09-2016,2839.75,0.005969039
29-09-2016,2807.25,-0.011444669
30-09-2016,2780.95,-0.009368599
03-10-2016,2820.1,0.014077923
04-10-2016,2868.35,0.017109322
05-10-2016,2874.6,0.002178953
06-10-2016,2918.9,0.01541084
07-10-2016,2919.6,0.000239816
10-10-2016,2927.3,0.002637348
13-10-2016,2937.65,0.003535681
14-10-2016,2956.25,0.006331592
17-10-2016,2975.4,0.006477801
18-10-2016,2971.1,-0.001445184
19-10-2016,2977.25,0.00206994
20-10-2016,2980.4,0.001058023
21-10-2016,2966.35,-0.004714132
24-10-2016,2961.8,-0.001533872
25-10-2016,2952.25,-0.003224391
26-10-2016,2924.95,-0.009247184
27-10-2016,2924.85,-3.42E-05
28-10-2016,2910.1,-0.005042994
30-10-2016,2943.65,0.011528813
01-11-2016,2856.2,-0.029708016
02-11-2016,2820.8,-0.01239409
03-11-2016,2818.3,-0.000886273
04-11-2016,2800.75,-0.006227158
07-11-2016,2786.7,-0.005016513
08-11-2016,2722.05,-0.023199483
09-11-2016,2654.55,-0.024797487
10-11-2016,2611.7,-0.016142096
11-11-2016,2643.9,0.012329134
15-11-2016,2658.3,0.005446499
16-11-2016,2669.45,0.00419441
17-11-2016,2695.5,0.009758564
18-11-2016,2711.6,0.005972918
21-11-2016,2689.5,-0.00815017
22-11-2016,2610.1,-0.029522216
23-11-2016,2656.3,0.017700471
24-11-2016,2665,0.003275232
25-11-2016,2678.5,0.005065666
28-11-2016,2725.75,0.01764047
29-11-2016,2684.3,-0.015206824
30-11-2016,2714.2,0.011138844
01-12-2016,2683.7,-0.011237197
02-12-2016,2721.55,0.014103663
05-12-2016,2773.5,0.019088387
06-12-2016,2770.2,-0.001189832
07-12-2016,2734.65,-0.012833008
08-12-2016,2739.45,0.001755252
09-12-2016,2738.05,-0.000511051
12-12-2016,2735.75,-0.000840014
13-12-2016,2735.85,3.66E-05
14-12-2016,2739.5,0.001334137
15-12-2016,2741.25,0.000638803
16-12-2016,2712.3,-0.010560876
19-12-2016,2712.95,0.000239649
20-12-2016,2709.95,-0.001105807
21-12-2016,2724.35,0.005313751
22-12-2016,2713.5,-0.003982601
23-12-2016,2727,0.004975124
26-12-2016,2723.5,-0.001283462
27-12-2016,2701.75,-0.007986047
28-12-2016,2702.15,0.000148052
29-12-2016,2727.9,0.009529449
30-12-2016,2729.8,0.000696506
